id;brand_name;device_type;model_name;color;selling_price;original_price;display;rating;strap_material;average_battery_life_days;reviews
1;Xiaomi;FitnessBand;Smart Band 5;Black;2499;2999;AMOLED Display;4.1;Thermoplastic polyurethane;14;
2;Xiaomi;FitnessBand;Smart Band 4;Black;2099;2499;AMOLED Display;4.2;Thermoplastic polyurethane;14;
3;Xiaomi;FitnessBand;HMSH01GE;Black;1722;2099;LCD Display;3.5;Leather;14;
4;Xiaomi;FitnessBand;Smart Band 5;Black;2469;2999;AMOLED Display;4.1;Thermoplastic polyurethane;14;
5;Xiaomi;FitnessBand;Band 3;Black;1799;2199;OLED Display;4.3;Plastic;7;
6;Xiaomi;FitnessBand;Band - HRX Edition;Black;1299;1799;OLED Display;4.2;Plastic;20;
7;Xiaomi;FitnessBand;Band 2;Black;2499;2499;OLED Display;4.3;Plastic;7;
8;Xiaomi;Smartwatch;Revolve;Black;12349;15999;AMOLED Display;4.4;Silicone;14;2
9;Xiaomi;Smartwatch;RevolveActive;Black;12999;15999;AMOLED Display;4.4;Silicone;14;3
10;Xiaomi;FitnessBand;Smart Band 3i;Black;1270;1599;OLED Display;4.2;Thermoplastic polyurethane;7;
11;OnePlus;FitnessBand;Steven Harrington Edition Band;Blue;3299;3999;AMOLED Display;4.3;Thermoplastic polyurethane;7;
12;OnePlus;FitnessBand;Band;Dual Color;2499;2799;AMOLED Display;4.2;Thermoplastic polyurethane;7;
13;FitBit;Smartwatch;Versa 2;Grey, Pink, Black;11999;14999;AMOLED Display;4.3;Silicone;7;
14;FitBit;Smartwatch;Sense;Black, Pink, Beige;21499;22999;AMOLED Display;4.2;Elastomer;7;
15;FitBit;Smartwatch;Versa 3;Black, Blue, Pink;17999;18999;AMOLED Display;4.3;Elastomer;7;
16;FitBit;FitnessBand;Charge 4;Storm Blue, Black, Rosewood;9999;9999;PMOLED Display;4.2;Elastomer;7;
17;FitBit;FitnessBand;Inspire;Maroon;7990;7999;LED Display;4.2;Silicone;5;
18;FitBit;FitnessBand;Inspire 2;Black, Desert Rose, Lunar White;6999;7999;PMOLED Display;4.4;Thermoplastic polyurethane;10;
19;FitBit;FitnessBand;Lunar;White;10899;10999;AMOLED Display;4.7;Silicone;7;
20;FitBit;FitnessBand;Charge 4;Granite Reflective;10999;11999;PMOLED Display;4.2;Elastomer;7;
21;FitBit;FitnessBand;FB413LVLV;Lilac;8807;38500;AMOLED Display;4.1;Silicone;5;
22;FitBit;FitnessBand;Flex Small;Violet, black, Grey, Teal, Blue, Red;8490;8490;OLED Display;3.8;Rubber;5;
23;FitBit;FitnessBand;Inspire HR;Black;5599;8999;LED Display;4.3;Silicone;5;
24;FitBit;FitnessBand;Inspire;Black;5299;7999;LED Display;4.2;Silicone;5;
25;FitBit;FitnessBand;Charge 3;Grey;7599;13999;OLED Display;4.3;Silicone;7;
26;FitBit;Smartwatch;Versa Special Edition;Charcoal;10365;23499;AMOLED Display;4.1;Fabric;7;
27;FitBit;Smartwatch;Ionic;Black;18999;24999;LCD Display;4.1;Elastomer;7;
28;FitBit;Smartwatch;Versa 2 Special Edition;Multicolor;15499;23999;AMOLED Display;4.4;Silicone;7;
29;FitBit;Smartwatch;Ionic;Blue;22499;24999;LCD Display;4.1;Elastomer;7;
30;FitBit;Smartwatch;Ionic;Grey;26499;26499;LCD Display;4.1;Elastomer;7;
31;FitBit;Smartwatch;Versa;Purple;16990;23499;AMOLED Display;4.1;Silicone;7;
32;FitBit;Smartwatch;Versa;Grey;17895;21499;AMOLED Display;4.2;Silicone;7;
33;FitBit;Smartwatch;Surge;Blue;24990;24990;LCD Display;3.8;Elastomer;7;
34;FitBit;FitnessBand;Charge 2;Black;7499;14999;PMOLED Display;4.3;Silicone;7;
35;FitBit;FitnessBand;Charge 3 Special Edition;Purple, White;9999;15999;OLED Display;4;Silicone;7;
36;FitBit;Smartwatch;Blaze;Purple;17999;19999;LCD Display;4.2;Elastomer;7;
37;FitBit;Smartwatch;Blaze;Blue;19999;19999;LCD Display;4.2;Elastomer;7;
38;FitBit;Smartwatch;Blaze;Black;22999;22999;LCD Display;4.2;Elastomer;7;
39;FitBit;Smartwatch;Surge;Black;19990;19990;LCD Display;3.8;Elastomer;7;
40;FitBit;FitnessBand;Alta HR;Black, Plum, Grey;14999;14999;OLED Display;4.3;Elastomer;7;
41;FitBit;FitnessBand;Charge 2;Plum silver;14999;14999;PMOLED Display;4.4;Silicone;7;
42;FitBit;Smartwatch;Versa Lite Edition;Purple;16999;16999;AMOLED Display;4.2;Elastomer;7;
43;FitBit;Smartwatch;Surge;Orange;24990;24990;LCD Display;3.8;Elastomer;7;
44;FitBit;Smartwatch;versa;Grey;21499;21499;AMOLED Display;4.1;Silicone;7;
45;FitBit;Smartwatch;Versa;Pink;16124;19999;AMOLED Display;4.1;Silicone;7;
46;FitBit;FitnessBand;Charge HR;Purple;6990;14990;OLED Display;3.9;Thermoplastic polyurethane;7;
47;FitBit;FitnessBand;Charge HR;Orange, Pink, Green;14990;14990;OLED Display;3.9;Thermoplastic polyurethane;7;
48;FitBit;FitnessBand;Alta HR;Rose Gold, Gun Metal Black;16999;16999;OLED Display;4.3;Elastomer;7;
49;FitBit;Smartwatch;Versa Lite Edition;Blue;14399;15999;AMOLED Display;4.2;Elastomer;7;
50;FitBit;FitnessBand;Alta;Black, Purple, Teal, Blue;12999;12999;OLED Display;4.1;Elastomer;7;
51;FitBit;Smartwatch;Versa 3;Black, Blue, Pink;17999;18999;AMOLED Display;4.3;Elastomer;7;
52;FitBit;FitnessBand;Charge 2;Violet;14999;14999;PMOLED Display;4.3;Silicone;7;
53;FitBit;Smartwatch;Versa;Black;20590;21499;AMOLED Display;4.1;Silicone;7;
54;FitBit;Smartwatch;Versa 2;Purple;13499;21999;AMOLED Display;4.3;Silicone;7;
55;FitBit;Smartwatch;Surge;Black;9999;19990;LCD Display;3.8;Elastomer;7;
56;FitBit;FitnessBand;Charge 3;Black;9999;13999;OLED Display;4.3;Silicone;7;
57;FitBit;FitnessBand;Charge 2;Blue;7499;14999;PMOLED Display;4.3;Silicone;7;
58;FitBit;FitnessBand;Charge 2;Light Blue;14999;14999;PMOLED Display;4.4;Silicone;7;
59;FitBit;FitnessBand;Charge 2;Blue;8999;14999;PMOLED Display;4.4;Silicone;7;
60;FitBit;FitnessBand;Charge 2;Black;7498;14999;PMOLED Display;4.3;Silicone;7;
61;FitBit;FitnessBand;Charge 2;Sky Blue;14999;14999;PMOLED Display;4.3;Silicone;7;
62;FitBit;FitnessBand;Inspire HR;Purple;5598;9999;LED Display;4.3;Silicone;5;
63;FitBit;FitnessBand;Inspire HR;White;5899;9999;LED Display;4.3;Silicone;5;
64;realme;FitnessBand;Band 2;Black;2999;3499;TFT-LCD Display;4.1;Silicone;7;
65;realme;FitnessBand;Band;Yellow;1499;2999;TFT-LCD Display;4;Silicone;7;
66;realme;FitnessBand;Smart band;Grey;1450;2999;TFT-LCD Display;4;Silicone;7;
67;realme;FitnessBand;Band;Black;1290;2999;TFT-LCD Display;4;Silicone;7;
68;Huawei;FitnessBand;Band 4;Black;1899;3099;TFT-LCD Display;4.2;Silicone;7;
69;Huawei;FitnessBand;Band 2;Black;1699;4999;PMOLED Display;4.1;Silicone;7;
70;Huawei;FitnessBand;Band 2;Blue;6999;6999;PMOLED Display;4.2;Silicone;7;
71;Huawei;FitnessBand;Band 2;Black;4599;4599;PMOLED Display;4.1;Silicone;7;
72;Huawei;FitnessBand;Band 6;Pink, Black, Teal, Orange;4490;9990;PMOLED Display;4.4;Silicone;7;
73;Huawei;FitnessBand;Band 2 Pro Activity;Pink, Black;2199;5999;PMOLED Display;4.1;Silicone;7;
74;Honor;FitnessBand;Band 6;Sandstone Grey, Meteorite Black, Coral Pink, ;2999;5999;AMOLED Display;4.3;Plastic;14;6568
75;Honor;FitnessBand;Band 4;Meteorite Black, Midnight Navy;2700;2999;AMOLED Display;4.4;Plastic;7;17809
76;Honor;FitnessBand;Band 3;Dynamic Orange;2499;2999;AMOLED Display;4.3;Plastic;7;23426
77;Honor;FitnessBand;Band 5i;Black;2469;2999;LCD Display;4.2;Plastic;7;4628
78;Honor;FitnessBand;Band 3;Navy Blue;2499;2999;PMOLED Display;4.3;Plastic;7;23426
79;Honor;FitnessBand;Band 5;Black;2899;2999;AMOLED Display;4.4;Plastic;14;4628
80;Honor;FitnessBand;Band 5;Black;2099;2999;AMOLED Display;4.4;Plastic;14;4628
81;Honor;FitnessBand;Band 5;Olive Green;2199;2999;AMOLED Display;4.4;Plastic;14;4628
82;Honor;FitnessBand;Band 4;Black;2599;2999;AMOLED Display;4.4;Plastic;7;17809
83;Honor;FitnessBand;Band 5i;Black;1799;2999;LCD Display;4.2;Plastic;14;4628
84;Honor;FitnessBand;band 4 running;Black;1649;2000;AMOLED Display;3.2;Plastic;7;4628
85;Honor;FitnessBand;Band Z1;Black;5499;5499;AMOLED Display;3.9;Plastic;14;77
86;Honor;FitnessBand;Band 3;Black;4750;5499;OLED Display;4.3;Plastic;7;122
87;GOQii;FitnessBand;Beat;Black;2999;2999;OLED Display;2.8;Silicone;7;
88;GOQii;FitnessBand;Vital 3.0;Black;3999;3999;OLED Display;3.1;Silicone;7;
89;Infinix;FitnessBand;Band 5;Black, Blue, Red;1499;2999;TFT-LCD Display;3.8;Silicone;4;
90;LCARE;Smartwatch;Watch;Black;2995;4495;OLED Display;3.5;Silicone;7;
91;LCARE;FitnessBand;Mambo;Black;1699;2995;OLED Display;3.8;Silicone;4;
92;LAVA;FitnessBand;BeFit;Black;1999;3499;LCD Display;3.6;Thermoplastic polyurethane;7;
93;Noise;FitnessBand;ColorFit;Black, Blue;2199;2499;LCD Display;3.6;Silicone;3;
94;Noise;FitnessBand;ColorFit2;Black, Blue, Pink;1699;2499;TFT-LCD Display;3.9;Thermoplastic polyurethane;7;
95;Oppo;Smartwatch;46 mm;Black, Gold;14990;19990;AMOLED Display;3.9;Rubber;14;484
96;Oppo;Smartwatch;41mm;Pink, Silver, Black;17990;24990;AMOLED Display;3.9;Rubber;14;
97;realme;Smartwatch;2 Pro;Grey;4999;5999;AMOLED Display;4.4;Silicone;14;338
98;realme;Smartwatch;2S;Black;3499;3999;AMOLED Display;4.2;Silicone;7;928
99;realme;Smartwatch;S;Black, White;4999;7999;AMOLED Display;4.3;Silicone;14;4142
100;realme;Smartwatch;S;Black;6779;7999;AMOLED Display;4.3;Silicone;14;
101;realme;Smartwatch;S Pro;Black;9999;12999;AMOLED Display;4.1;Silicone;14;259
102;realme;Smartwatch;S Master;Black;5999;8999;AMOLED Display;4.3;Silicone;14;
103;realme;Smartwatch;Fashion;Black;5400;6999;TFT-LCD Display;4;Silicone;14;
104;realme;Smartwatch;Classic;Black;3921;6999;TFT-LCD Display;4;Silicone;7;
105;Fastrack;Smartwatch;Reflex 3.0;Black, Pink;2495;2995;TFT-LCD Display;3.8;Silicone;7;
106;Fastrack;Smartwatch;Reflex 3.0;Black;2200;2995;TFT-LCD Display;4.1;Silicone;4;
107;Fastrack;Smartwatch;Reflex Beat;Purple, Black;1645;2195;TFT-LCD Display;4;Silicone;4;
108;Fastrack;FitnessBand;Reflex Smart Band;Orange, Red, Black;1595;1995;OLED Display;4;Silicone;4;
109;Fastrack;FitnessBand;Reflex Smart Band;Green, Grey;1195;1995;OLED Display;4.1;Silicone;4;
110;Fastrack;Smartwatch;Reflex 2.0;Black, Green;1395;1995;TFT-LCD Display;4.1;Silicone;10;
111;boAt;Smartwatch;Storm;Black, Teal Green, Grey;2999;5990;LCD Display;4.1;Thermoplastic polyurethane;7;1070
112;boAt;Smartwatch;Xplorer;Black, Red, Blue;3499;7990;LCD Display;3.8;Thermoplastic polyurethane;10;23069
113;boAt;Smartwatch;Delta;Black, Grey, Red;2499;5990;LCD Display;3.6;Silicone;7;529
114;boAt;Smartwatch;O2;Black, Green;7990;7990;LCD Display;4.1;Thermoplastic polyurethane;10;20122
115;Noise;Smartwatch;ColorFit Qube SpO2;Charcoal Grey, Black, Pink;2499;4999;AMOLED Display;4.3;Thermoplastic polyurethane;7;
116;Noise;Smartwatch;ColorFit Pro 3;Green, Grey, Black, Blue, Pink, Red;3999;5999;AMOLED Display;4.2;Thermoplastic polyurethane;7;
117;Noise;Smartwatch;ColorFit Qube SpO2;Charcoal Black, Beige Gold;2499;4999;AMOLED Display;4.3;Thermoplastic polyurethane;7;
118;Noise;Smartwatch;ColorFit Brio;Black, Pink;2999;5999;AMOLED Display;4.3;Thermoplastic polyurethane;10;
119;Noise;Smartwatch;ColorFit Pro 2;Black, Deep Wine, Blue, Grey, Teal;2699;4999;AMOLED Display;4.1;Silicone;10;
120;Noise;Smartwatch;Fit Active;Blue, Black;3499;5999;AMOLED Display;4.2;Silicone;7;
121;Noise;Smartwatch;ColorFit Qube;Black, Green;2499;4999;AMOLED Display;4;Thermoplastic polyurethane;7;
122;Noise;Smartwatch;ColorFit Pro 2 Oxy;Black, Blue, Red;2499;4999;AMOLED Display;4;Thermoplastic polyurethane;7;
123;Noise;Smartwatch;ColorFit Brio;Black, Green;3499;5999;AMOLED Display;4.3;Thermoplastic polyurethane;7;
124;Noise;Smartwatch;NoiseFit Endure;Black, Red, Blue;2999;5999;AMOLED Display;3.9;Silicone;7;
125;Noise;Smartwatch;NoiseFit Endure;Grey, Green;2599;5999;AMOLED Display;3.9;Silicone;7;
126;Noise;Smartwatch;ColorFit Pro;Black, Blue;2513;4999;AMOLED Display;3.9;Silicone;7;
127;Noise;Smartwatch;ColorFit Pro;Green, Teal, Grey;2499;4999;AMOLED Display;3.9;Silicone;7;
128;Noise;Smartwatch;Fit Evolve;Red, Black;5499;7999;AMOLED Display;3.9;Thermoplastic polyurethane;7;
129;Noise;Smartwatch;Fusiom Hybrid;Blue;5999;9999;AMOLED Display;4;Thermoplastic polyurethane;7;
130;Noise;Smartwatch;Evolve;Black, Grey, Red;4999;7999;AMOLED Display;3.9;Thermoplastic polyurethane;7;
131;Noise;Smartwatch;NoiseFit Endure;Black, Blue, Teal;2799;5999;AMOLED Display;3.9;Thermoplastic polyurethane;7;
132;Honor;Smartwatch;Z1;Black;5499;5499;OLED Display;3.1;Silicone;14;102
133;Honor;Smartwatch;GS Pro;Black;13999;20999;AMOLED Display;4.4;Nylon;25;215
134;Honor;Smartwatch;GS Pro;Blue;17999;20999;AMOLED Display;4.4;Nylon;25;215
135;Honor;Smartwatch;Watch Magic;Black;7999;17999;AMOLED Display;4.3;Silicone;7;281
136;Honor;Smartwatch;Magic Watch 2;Brown;13999;15999;AMOLED Display;4.4;Leather;14;1663
137;Honor;Smartwatch;Watch ES;Black, Pink;4999;10999;AMOLED Display;4.3;Silicone;10;354
138;Honor;Smartwatch;Magic Watch;Brown;9047;17999;AMOLED Display;4.3;Silicone;7;281
139;huami;Smartwatch;Amazfit GTS;Beige;5499;12999;AMOLED Display;4.3;Silicone;14;1907
140;huami;Smartwatch;Amazfit GTS;Black;5299;12999;AMOLED Display;4.3;Silicone;14;1907
141;huami;Smartwatch;Amazfit GTS;Pink;5999;12999;AMOLED Display;4.3;Silicone;14;1907
142;huami;Smartwatch;Amazfit GTS;Blue;5499;12999;AMOLED Display;4.3;Silicone;14;1907
143;huami;Smartwatch;Amazfit Bip U;Black, Pink;2999;5999;AMOLED Display;4.2;Silicone;9;1334
144;huami;Smartwatch;Amazfit Bip S Lite;Black;1999;4999;AMOLED Display;3.9;Silicone;14;849
145;huami;Smartwatch;Amazfit T-Rex;Green, Grey;5999;10999;AMOLED Display;4.3;Silicone;20;359
146;huami;Smartwatch;Amazfit GTS 2e;Purple;7999;13999;AMOLED Display;4.2;Silicone;14;294
147;huami;Smartwatch;Amazfit GTR 2 Aluminium;Black, Red;11999;17999;AMOLED Display;4.1;Silicone;10;647
148;huami;Smartwatch;Amazfit GTS 2;Black;11999;17999;AMOLED Display;4.1;Silicone;7;153
149;huami;Smartwatch;Amazfit GTR 2 Stainless Steel;Grey, Blue;12499;17999;AMOLED Display;4.1;Silicone;10;647
150;huami;Smartwatch;Amazfit Bip;Black;5499;6999;AMOLED Display;4.2;Silicone;28;4651
151;huami;Smartwatch;Amazfit GTR 42 mm Glitter;White;9999;16999;AMOLED Display;4.2;Silicone;12;3
152;huami;Smartwatch;Amazfit Neo;Black;2499;3999;AMOLED Display;4.2;Thermoplastic polyurethane;7;176
153;huami;Smartwatch;Amazfit Bip S;Black;5299;6499;AMOLED Display;4;Thermoplastic polyurethane;15;489
154;huami;Smartwatch;Amazfit GTR 42;Black;8999;12999;AMOLED Display;4.3;Silicone;14;
155;huami;Smartwatch;Amazfit Stratos 3;Black;13999;17999;AMOLED Display;3.7;Silicone;14;
156;huami;Smartwatch;Amazfit GTR 42;Red;9999;12999;AMOLED Display;4.3;Silicone;12;146
157;huami;Smartwatch;Amazfit Pace;Black;9999;10999;AMOLED Display;4.2;Silicone;14;
158;huami;Smartwatch;Amazfit Bip S;Red;2999;4999;AMOLED Display;3.9;Thermoplastic polyurethane;15;489
159;huami;Smartwatch;Amazfit Bip S;Green, Grey;3799;4999;AMOLED Display;3.9;Thermoplastic polyurethane;15;489
160;huami;Smartwatch;Amazfit Bip;Pink;5499;5990;AMOLED Display;4.2;Silicone;28;489
161;huami;Smartwatch;Amazfit Bip S;White;4999;5999;AMOLED Display;4;Thermoplastic polyurethane;15;489
162;huami;Smartwatch;Amazfit GTR 47;Black;10999;18999;AMOLED Display;4.2;Silicone;25;
163;huami;Smartwatch;Amazfit GTR 47;Black;8999;13999;AMOLED Display;4.3;Silicone;25;176
164;huami;Smartwatch;Amazfit Verge;Black;12999;12999;AMOLED Display;4.1;Silicone;25;489
165;huami;Smartwatch;Amazfit Verge;Black;11999;12999;AMOLED Display;4.1;Silicone;25;489
166;huami;Smartwatch;Amazfit Verge;Black;5999;8999;AMOLED Display;4.2;Silicone;14;489
167;huami;Smartwatch;Amazfit Bip;Red;4950;5990;AMOLED Display;4.2;Silicone;28;176
168;huami;Smartwatch;Amazfit Verge;Black;11999;12999;AMOLED Display;4.1;Silicone;7;176
169;huami;Smartwatch;Amazfit Bip;Purple;5499;6999;AMOLED Display;4.2;Silicone;28;176
170;huami;Smartwatch;Amazfit Stratos;Black;12999;15999;AMOLED Display;4.2;Silicone;25;103
171;huami;Smartwatch;Amazfit Bip Lite;Black;3499;5499;AMOLED Display;4;Thermoplastic polyurethane;7;125
172;huami;Smartwatch;Amazfit Verge Lite;Black;5999;8999;AMOLED Display;4.2;Silicone;5;136
173;huami;Smartwatch;Amazfit Bip;Grey;6399;7399;AMOLED Display;4.4;Silicone;28;176
174;huami;Smartwatch;Bip Lite On;Black;7999;14999;AMOLED Display;4.1;Silicone;7;183
175;SAMSUNG;Smartwatch;Galaxy Active 2;Black, Beige;11990;25990;AMOLED Display;4.5;Silicone;7;
176;SAMSUNG;Smartwatch;Galaxy Active 2;Grey;12990;25990;AMOLED Display;4.5;Silicone;7;
177;SAMSUNG;Smartwatch;Galaxy Classic 4;Black;32959;37999;AMOLED Display;4.6;Elastomer;14;
178;SAMSUNG;Smartwatch;Galaxy Classic 4;Silver;40000;42999;AMOLED Display;4.6;Elastomer;14;
179;SAMSUNG;Smartwatch;Galaxy Classic 4;Silver;34999;37999;AMOLED Display;4.6;Elastomer;14;
180;SAMSUNG;Smartwatch;Galaxy Classic 4 LTE;Black;28999;31999;AMOLED Display;5;Elastomer;14;
181;SAMSUNG;FitnessBand;Galaxy Fit-e Smart;Black;2000;2590;PMOLED Display;3.8;Rubber;7;
182;SAMSUNG;FitnessBand;Galaxy Fit-e Smart;Yellow;2490;2590;PMOLED Display;3.8;Rubber;7;
183;SAMSUNG;FitnessBand;Galaxy Fit;Silver;8990;9990;AMOLED Display;4;Rubber;7;
184;SAMSUNG;Smartwatch;Galaxy Watch 3;Black;28990;30990;AMOLED Display;4.3;Leather;14;
185;SAMSUNG;Smartwatch;Galaxy Watch 4 LTE;Black;31999;34999;AMOLED Display;4.6;Elastomer;14;
186;SAMSUNG;Smartwatch;Galaxy Watch 4 Classic LTE;Black;40000;42999;AMOLED Display;4.6;Elastomer;14;
187;SAMSUNG;Smartwatch;Galaxy Watch 4 LTE;Pink;28999;31999;AMOLED Display;4.6;Elastomer;14;
188;SAMSUNG;Smartwatch;Galaxy Active 2;Grey;18990;28490;AMOLED Display;4.1;Silicone;14;
189;SAMSUNG;Smartwatch;Galaxy 46mm;Grey;16990;33999;AMOLED Display;4.5;Elastomer;7;
190;SAMSUNG;Smartwatch;Galaxy Classic 4 LTE;Silver, Green;36999;39999;AMOLED Display;4.6;Elastomer;14;
191;SAMSUNG;Smartwatch;Galaxy Active Steel 2 LTE;Brown;30990;34490;AMOLED Display;4.1;Silicone;14;
192;SAMSUNG;Smartwatch;Galaxy Active Steel 2;Black;24490;31990;AMOLED Display;4.3;Silicone;14;
193;SAMSUNG;Smartwatch;Galaxy Classic 4;Blue;34999;34999;AMOLED Display;4.6;Silicone;14;
194;SAMSUNG;Smartwatch;Galaxy Active 42mm;Black;19990;19990;AMOLED Display;4.4;Elastomer;14;
195;SAMSUNG;Smartwatch;Galaxy 44mm;Beige;24490;28490;AMOLED Display;3.6;Silicone;14;
196;SAMSUNG;Smartwatch;Galaxy LTE;Silver;31999;31999;AMOLED Display;4.6;Elastomer;14;
197;SAMSUNG;Smartwatch;Gear Fit 2;Blue;15000;15000;AMOLED Display;4.2;Silicone;7;
198;SAMSUNG;Smartwatch;Gear Fit;Black;7999;16860;AMOLED Display;3.9;Silicone;7;
199;SAMSUNG;Smartwatch;Galaxy Active 2 Steel;Black;24490;31990;AMOLED Display;4.4;Leather;14;
200;SAMSUNG;Smartwatch;Gear S2;Silver, Blue;24300;24300;AMOLED Display;4.3;Elastomer;14;
201;SAMSUNG;Smartwatch;Galaxy Active Steel;Blue;29990;34490;AMOLED Display;4.1;Silicone;14;
202;SAMSUNG;Smartwatch;Gear Fit 2 Pro;Red, Black;9990;14990;AMOLED Display;4.3;Silicone;7;
203;SAMSUNG;Smartwatch;Gear Fit 2;Pink, Blue;15000;15000;AMOLED Display;4.2;Silicone;7;
204;SAMSUNG;Smartwatch;Gear 2;Black;19999;22550;AMOLED Display;2.3;Silicone;14;
205;SAMSUNG;Smartwatch;Neo Gear 2;Black;15500;16860;AMOLED Display;3.9;Rubber;7;
206;SAMSUNG;Smartwatch;Galaxy Active 46mm;Black;19990;19990;AMOLED Display;4.4;Elastomer;14;
207;SAMSUNG;Smartwatch;Galaxy Watch LTE;Beige;27490;29989;AMOLED Display;4.2;Silicone;14;
208;SAMSUNG;Smartwatch;Galaxy 42;Grey;21989;25990;AMOLED Display;4.6;Elastomer;14;
209;SAMSUNG;Smartwatch;Gear Live;Black;15900;15900;AMOLED Display;4.2;Rubber;7;
210;SAMSUNG;Smartwatch;Gear Fit 2;Blue, Black;15000;15000;AMOLED Display;4.2;Silicone;7;
211;SAMSUNG;Smartwatch;Galaxy Watch 3;Black;39490;39490;AMOLED Display;4.3;Leather;14;
212;SAMSUNG;Smartwatch;Galaxy 42;Black;24989;25990;AMOLED Display;4.6;Elastomer;14;
213;SAMSUNG;Smartwatch;Gear S3 Frontier;Black;22990;28500;AMOLED Display;4.3;Silicone;14;
214;SAMSUNG;Smartwatch;Gear Sport;Black;15999;22990;AMOLED Display;3;Silicone;7;
215;SAMSUNG;Smartwatch;Gear S2 Classic;Black;18999;34550;AMOLED Display;4.2;Leather;14;
216;SAMSUNG;Smartwatch;T-Mobile;Black;21990;22990;AMOLED Display;4.3;Leather;14;
217;SAMSUNG;Smartwatch;Gear S2;Silver;24300;24300;AMOLED Display;4.1;Elastomer;14;
218;SAMSUNG;Smartwatch;R600NZBAXAR 600;Blue;21390;25155;AMOLED Display;4.5;Rubber;14;
219;SAMSUNG;Smartwatch;Gear S2 Classic;Black;18999;30000;AMOLED Display;4.2;Leather;14;
220;SAMSUNG;Smartwatch;Gear R730V S2;Grey;18532;22498;AMOLED Display;4.6;Elastomer;14;
221;SAMSUNG;Smartwatch;Galaxy Gear;Gold;50408;60241;AMOLED Display;3.2;Rubber;14;
222;SAMSUNG;FitnessBand;Activity Tracker;Black;13201;15885;PMOLED Display;4.2;Rubber;7;
223;FOSSIL;Smartwatch;Gen 5 Carlyle HR;Black;15995;22995;AMOLED Display;4.2;Leather;2;
224;FOSSIL;Smartwatch;Gen 5 Carlyle HR;Brown, Grey;14995;22995;AMOLED Display;4.2;Leather;2;
225;FOSSIL;Smartwatch;Gen 5 Garrett HR;Silver;15995;22995;AMOLED Display;4.1;Stainless Steel;2;
226;FOSSIL;Smartwatch;Gen 5 Julianna HR;Gold;18495;18495;AMOLED Display;3.8;Stainless Steel;2;
227;FOSSIL;Smartwatch;Gen 5 Julianna HR;Black;18995;22995;AMOLED Display;4.3;Stainless Steel;2;
228;FOSSIL;Smartwatch;Latitude Hybrid HR;Black;12396;14995;AMOLED Display;4.3;Stainless Steel;14;
229;FOSSIL;Smartwatch;Gen 5 Garrett HR;Black;14995;22995;AMOLED Display;4.1;Stainless Steel;2;
230;FOSSIL;Smartwatch;FB-01 Hybrid HR;Black;12396;14995;AMOLED Display;4;Silicone;14;
231;FOSSIL;Smartwatch;Gen 5 Julianna HR;Silver;18495;18495;AMOLED Display;3.8;Stainless Steel;2;
232;FOSSIL;Smartwatch;Collider Hybrid;Black;16495;16495;AMOLED Display;4;Silicone;14;
233;FOSSIL;Smartwatch;Collider Hybrid;Brown, Grey;14995;14995;AMOLED Display;4;Silicone;14;
234;FOSSIL;Smartwatch;Sadie Hybrid;Silver;8995;13495;AMOLED Display;4;Stainless Steel;10;
235;FOSSIL;Smartwatch;FB-01 Hybrid HR;Silver, Black;14021;16495;AMOLED Display;4;Stainless Steel;14;
236;FOSSIL;Smartwatch;Commuter;Black;11995;11995;AMOLED Display;4.3;Leather;14;
237;FOSSIL;Smartwatch;Latitude Hybrid HR;Grey;13196;16495;AMOLED Display;4.3;Stainless Steel;14;
238;FOSSIL;Smartwatch;Sport;Multicolor;17995;17995;AMOLED Display;3.9;Silicone;2;
239;FOSSIL;Smartwatch;Charter Hybrid HR;Gold;13196;16495;AMOLED Display;3.9;Leather;12;4
240;FOSSIL;Smartwatch;Carlie Hybrid;Gold;13495;13495;AMOLED Display;4.6;Stainless Steel;12;
241;FOSSIL;Smartwatch;Carlie;Beige;11995;11995;AMOLED Display;4.8;Leather;10;
242;FOSSIL;Smartwatch;Neutra Hybrid;Silver;13495;13495;AMOLED Display;5;Stainless Steel;12;
243;FOSSIL;Smartwatch;Q Venture;Blue;19999;21995;AMOLED Display;3.8;Leather;1;54
244;FOSSIL;Smartwatch;Jacqueline;Gold;13495;13495;AMOLED Display;4.6;Leather;1;
245;FOSSIL;Smartwatch;Q Neely;Black;6995;12995;AMOLED Display;4.6;Leather;2;
246;FOSSIL;Smartwatch;FTW5018 Hybrid;Gold;11596;14495;AMOLED Display;4.5;Stainless Steel;2;
247;FOSSIL;Smartwatch;FTW5012 Hybrid;Brown;9097;12995;AMOLED Display;4.6;Leather;2;
248;FOSSIL;Smartwatch;Jacqueline Hybrid;Rose Gold;10796;13495;AMOLED Display;4;Leather;12;
249;FOSSIL;Smartwatch;Q Annette;Gold;6995;13495;AMOLED Display;4.6;Leather;1;
250;FOSSIL;Smartwatch;Gen 5 Julianna HR;Grey;15995;22995;AMOLED Display;4.3;Stainless Steel;2;
251;FOSSIL;Smartwatch;FTW6007;Brown;19995;19995;AMOLED Display;4.1;Leather;2;
252;FOSSIL;Smartwatch;Gen 5E;Black, Silver ;18495;18495;AMOLED Display;3.8;Stainless Steel;1;
253;FOSSIL;Smartwatch;Neutra Hybrid;Brown, Black;11995;11995;AMOLED Display;5;Leather;12;
254;FOSSIL;Smartwatch;Gen 5 Julianna HR;Blue;15995;22995;AMOLED Display;4.3;Stainless Steel;2;
255;FOSSIL;Smartwatch;FTW1151 Hybrid;Gold;8995;11995;AMOLED Display;4.3;Leather;2;
256;FOSSIL;Smartwatch;Barstow Hybrid;Brown;8995;11995;AMOLED Display;4.6;Leather;12;
257;FOSSIL;Smartwatch;Wander RG;Black;18995;18995;AMOLED Display;4;Silicone;5;
258;FOSSIL;Smartwatch;Charter Hybrid HR;Black;14021;16495;AMOLED Display;3.9;Leather;12;6
259;FOSSIL;Smartwatch;Q Wander;Gold;19995;19995;AMOLED Display;4;Stainless Steel;1;
260;FOSSIL;Smartwatch;Q Founder;Silver;19995;19995;AMOLED Display;4.2;Stainless Steel;1;
261;FOSSIL;Smartwatch;Garrett Hybrid;Black;6995;11995;AMOLED Display;3.7;Stainless Steel;12;
262;FOSSIL;Smartwatch;Q Explorist;Black;19995;19995;AMOLED Display;4.4;Leather;2;
263;FOSSIL;Smartwatch;Marshall;Grey;18995;18995;AMOLED Display;4;Stainless Steel;1;
264;FOSSIL;Smartwatch;Gen 3 Q Venture;Black, Gold;15396;21995;AMOLED Display;4.3;Stainless Steel;1;7
265;FOSSIL;Smartwatch;FTW4003;Brown;19995;19995;AMOLED Display;3.1;Leather;2;
266;FOSSIL;Smartwatch;Gen 5E;Grey, Multicolor;18495;18495;AMOLED Display;4.6;Stainless Steel;1;
267;FOSSIL;Smartwatch;Sport 43;Black;9995;17995;AMOLED Display;4;Silicone;2;
268;FOSSIL;Smartwatch;The Carlyle HR;Black;25995;25995;AMOLED Display;4.2;Leather;14;
269;FOSSIL;Smartwatch;Garrett HR;Gold;15995;22995;AMOLED Display;4.1;Stainless Steel;14;
270;FOSSIL;Smartwatch;4th Gen Explorist HR;Grey;10998;21995;AMOLED Display;3.9;Stainless Steel;2;600
271;FOSSIL;Smartwatch;Sport;Red;17995;17995;AMOLED Display;4.6;Silicone;2;
272;FOSSIL;Smartwatch;FTW6001;Gold;21995;21995;AMOLED Display;4.2;Stainless Steel;2;
273;FOSSIL;Smartwatch;Q Founder 2.0;Black;19995;19995;AMOLED Display;4.2;Stainless Steel;1;61
274;FOSSIL;Smartwatch;Cameron Hybrid;Black;8995;13495;AMOLED Display;4.6;Stainless Steel;12;
275;FOSSIL;Smartwatch;Gen 3 Q Explorist;Black;15749;19995;AMOLED Display;4.1;Stainless Steel;2;
276;FOSSIL;Smartwatch;4th Gen Venture HR;Black;17596;21995;AMOLED Display;3.9;Stainless Steel;14;46
277;FOSSIL;Smartwatch;FTW6005;Black;19995;19995;AMOLED Display;3.8;Stainless Steel;2;
278;FOSSIL;Smartwatch;Marshall;Black;19995;19995;AMOLED Display;4.1;Stainless Steel;1;
279;FOSSIL;Smartwatch;Garrett Hybrid;Brown;11995;11995;AMOLED Display;3.7;Leather;12;
280;FOSSIL;Smartwatch;4th Gen Venture HR;Silver;10997;21995;AMOLED Display;3.9;Stainless Steel;14;46
281;FOSSIL;Smartwatch;Marshall;Blue;19995;19995;AMOLED Display;4.1;Stainless Steel;1;
282;FOSSIL;Smartwatch;FTW1161 Hybrid;Gold;8995;14495;AMOLED Display;4.3;Stainless Steel;2;
283;FOSSIL;Smartwatch;FTW1142 Q Hybrid;Silver;9796;13995;AMOLED Display;3.7;Stainless Steel;2;
284;FOSSIL;Smartwatch;Jacqueline Hybrid;Navy;8995;13495;AMOLED Display;4;Leather;12;
285;FOSSIL;Smartwatch;Gen 3 Q Explorist;Blue;15034;15034;AMOLED Display;4.3;Stainless Steel;2;
286;FOSSIL;Smartwatch;Gen 5 Julianna HR;White;14995;22995;AMOLED Display;4.3;Stainless Steel;2;
287;FOSSIL;Smartwatch;Cameron Hybrid Smartwatch;Blue;13495;13495;AMOLED Display;4.6;Leather;12;
288;FOSSIL;Smartwatch;Gen 3 Q Venture;Silver;19995;19995;AMOLED Display;4.3;Stainless Steel;1;78
289;FOSSIL;Smartwatch;Jacqueline Hybrid;Black;11995;11995;AMOLED Display;4.6;Leather;12;
290;FOSSIL;Smartwatch;Q Annette;Silver;6995;11995;AMOLED Display;4.6;Silicone;1;
291;FOSSIL;Smartwatch;Sport 43;Blue;9995;17995;AMOLED Display;4;Silicone;2;
292;FOSSIL;Smartwatch;Sport 41;Blue, Black, Gray;17995;17995;AMOLED Display;4;Silicone;2;55
293;FOSSIL;Smartwatch;Gen 3 Q Explorist;Grey;21995;21995;AMOLED Display;4.4;Stainless Steel;2;
294;FOSSIL;Smartwatch;Marshall;Silver;18995;18995;AMOLED Display;4;Stainless Steel;1;
295;FOSSIL;Smartwatch;Q Jacqueline;Gold;13495;13495;AMOLED Display;4.4;Silicone;1;
296;FOSSIL;Smartwatch;Garrett;Brown;8995;11995;AMOLED Display;3.7;Leather;1;
297;FOSSIL;Smartwatch;Machine Hybrid;Silver, Brown;11995;11995;AMOLED Display;4.6;Stainless Steel;12;
298;FOSSIL;Smartwatch;Sloan HR;Black;24495;24495;AMOLED Display;4.1;Silicone;14;
299;FOSSIL;Smartwatch;Sloan HR;Blue;21995;21995;AMOLED Display;4.1;Silicone;14;
300;FOSSIL;Smartwatch;Garrett Hybrid;Silver;10496;14995;AMOLED Display;3.7;Stainless Steel;12;
301;FOSSIL;Smartwatch;4th Gen Venture HR;Black;13195;21995;AMOLED Display;3.9;Stainless Steel;14;46
302;FOSSIL;Smartwatch;Gen 3 Q Explorist;Silver;3999;19995;AMOLED Display;4.2;Stainless Steel;2;
303;FOSSIL;Smartwatch;Charter Hybrid HR;Silver;12396;14995;AMOLED Display;3.9;Leather;12;6
304;FOSSIL;Smartwatch;Q Wander;Silver;11997;19995;AMOLED Display;4.1;Stainless Steel;1;
305;FOSSIL;Smartwatch;Neely;White;8995;13495;AMOLED Display;4.7;Leather;1;
306;FOSSIL;Smartwatch;Rose Gold Smart;Rose Gold;21995;21995;AMOLED Display;4.6;Stainless Steel;3;
307;FOSSIL;Smartwatch;Q Founder 2.0;Blue;11397;18995;AMOLED Display;4.1;Stainless Steel;1;61
308;FOSSIL;Smartwatch;FTW1159 Hybrid;Gold;8995;12995;AMOLED Display;5;Stainless Steel;2;
309;FOSSIL;Smartwatch;Q Wander;Silver;3799;18995;AMOLED Display;4;Stainless Steel;1;
310;FOSSIL;Smartwatch;FTW4010 Gold HR;Gold;15995;15995;AMOLED Display;4.8;Stainless Steel;6;
311;FOSSIL;Smartwatch;FTW6009 Black HR;Black;13995;13995;AMOLED Display;4.1;Leather;14;
312;FOSSIL;Smartwatch;Eleanor Hybrid;Brown, Gold;6995;11995;AMOLED Display;4.6;Stainless Steel;12;
313;FOSSIL;Smartwatch;FTW1146 Q Hybrid;Gold;11995;11995;AMOLED Display;4.6;Leather;2;
314;FOSSIL;Smartwatch;Jacqueline Hybrid;Blue;6995;11995;AMOLED Display;4.6;Leather;12;
315;FOSSIL;Smartwatch;FTW20013 Q;Black;21495;21495;AMOLED Display;4.6;Leather;2;
316;FOSSIL;Smartwatch;FTW5016 Hybrid;Silver;6995;14495;AMOLED Display;4.6;Stainless Steel;2;
317;FOSSIL;Smartwatch;FTW5017 Hybrid;Gold;14495;14495;AMOLED Display;4.6;Stainless Steel;2;
318;FOSSIL;Smartwatch;FTW1141 Q Hybrid;Silver;6995;11995;AMOLED Display;4.6;Stainless Steel;2;
319;FOSSIL;Smartwatch;Sport;Black;17995;17995;AMOLED Display;4.6;Silicone;2;
320;FOSSIL;Smartwatch;FTW5003 Hybrid;Gold;12995;12995;AMOLED Display;4.6;Stainless Steel;2;
321;FOSSIL;Smartwatch;Jacqueline Hybrid;Silver;13495;13495;AMOLED Display;4.6;Leather;12;
322;FOSSIL;Smartwatch;Commuter Hybrid;Brown;8995;11995;AMOLED Display;4.6;Leather;12;
323;FOSSIL;Smartwatch;Q MACHINE;Grey;6995;6995;AMOLED Display;4.6;Stainless Steel;1;
324;FOSSIL;Smartwatch;FB-01 Hybrid;Blue, Silver;8995;13495;AMOLED Display;3.9;Silicone;14;
325;FOSSIL;Smartwatch;Q Jacqueline;Silver;8995;13495;AMOLED Display;4.4;Silicone;1;
326;FOSSIL;Smartwatch;Q GRANT;Grey;6995;6995;AMOLED Display;4.6;Stainless Steel;7;
327;FOSSIL;Smartwatch;FTW2114 Q;Black;18995;18995;AMOLED Display;4.6;Stainless Steel;2;
328;FOSSIL;Smartwatch;FTW1140 Q Hybrid;Blue;6995;13995;AMOLED Display;3.8;Stainless Steel;2;
329;FOSSIL;Smartwatch;Garrett HR;Grey;14995;22995;AMOLED Display;4.1;Leather;14;
330;FOSSIL;Smartwatch;FTW1134 Q Hybrid;Gray;11995;11995;AMOLED Display;4.6;Stainless Steel;2;
331;FOSSIL;Smartwatch;Carlie Hybrid;Black;6995;11995;AMOLED Display;4.6;Stainless Steel;12;
332;FOSSIL;Smartwatch;Q Control;multicolor;15995;15995;AMOLED Display;4.3;Silicone;1;
333;FOSSIL;Smartwatch;Q Control;Brown;15995;15995;AMOLED Display;4.3;Silicone;1;
334;FOSSIL;Smartwatch;FTW1144 Q Hybrid;Black;8995;13995;AMOLED Display;4.6;Leather;2;
335;FOSSIL;Smartwatch;Rose Gold HR;Rose Gold;21995;21995;AMOLED Display;2.8;Stainless Steel;3;
336;FOSSIL;Smartwatch;5th Gen Julianna;Black;15995;22995;AMOLED Display;4.6;Stainless Steel;1;
337;FOSSIL;Smartwatch;Q Venture;White;4399;21995;AMOLED Display;3.8;Leather;1;46
338;FOSSIL;Smartwatch;Q Machine;Black;10796;13495;AMOLED Display;4.6;Stainless Steel;1;
339;FOSSIL;Smartwatch;FTW1145 Q Hybrid;Gray;6995;13995;AMOLED Display;4.6;Leather;2;
340;FOSSIL;Smartwatch;FTW5011 Hybrid;Black;8995;14495;AMOLED Display;4.8;Leather;2;
341;FOSSIL;Smartwatch;FTW2120SET Q;Gray;23995;23995;AMOLED Display;4.6;Leather;2;
342;FOSSIL;Smartwatch;FTW1136 Q Hybrid;Blue;11995;11995;AMOLED Display;4.6;Leather;2;
343;FOSSIL;Smartwatch;Q Venture;Beige;15995;15995;AMOLED Display;4.6;Leather;1;46
344;FOSSIL;Smartwatch;FTW2115 Q Watch;Red;18995;18995;AMOLED Display;4.6;Stainless Steel;2;
345;FOSSIL;Smartwatch;FTW6010 Pink HR;Pink;15995;15995;AMOLED Display;4.4;Stainless Steel;14;
346;FOSSIL;Smartwatch;Q ACTIVIST;Brown;6995;6995;AMOLED Display;3;leather;1;
347;FOSSIL;Smartwatch;Carlie Hybrid;Silver;8995;13495;AMOLED Display;4.6;Stainless Steel;12;
348;FOSSIL;Smartwatch;FTW1154 Hybrid;Black;8995;12995;AMOLED Display;4.3;Stainless Steel;2;
349;FOSSIL;Smartwatch;FTW5015 Hybrid;Blue;6995;14495;AMOLED Display;3;Stainless Steel;2;
350;FOSSIL;Smartwatch;Sport;Grey;17995;17995;AMOLED Display;4.6;Silicone;2;
351;FOSSIL;Smartwatch;Sloan HR;Gold;21995;21995;AMOLED Display;4.1;Silicone;14;
352;FOSSIL;Smartwatch;Q GRANT;Black;6995;6995;AMOLED Display;4.6;Stainless Steel;7;
353;FOSSIL;Smartwatch;Sport 41;Red, Green;9995;17995;AMOLED Display;4;Silicone;2;
354;FOSSIL;Smartwatch;FTW6006 Gold HR;Gold;21995;21995;AMOLED Display;3.7;Stainless Steel;6;
355;APPLE;Smartwatch;Series 3 GPS - 42 mm Space Grey Aluminium Case;Black;18900;23900;OLED Retina Display;4.6;Aluminium;1;
356;APPLE;Smartwatch;SE 44 mm Space Grey Aluminium Case;Black;30400;32900;OLED Retina Display;4.7;Aluminium;1;
357;APPLE;Smartwatch;Series 3 GPS - 38 mm Space Grey Aluminium Case;Black;16900;20900;OLED Retina Display;4.6;Aluminium;1;
358;APPLE;Smartwatch;SE GPS + Cellular 44 mm Aluminium Case;Black;36900;36900;OLED Retina Display;4.6;Aluminium;1;
359;APPLE;Smartwatch;SE GPS + Cellular 40 mm Space Grey Aluminium Case;Charcoal;31400;33900;OLED Retina Display;4.6;Aluminium;1;
360;APPLE;Smartwatch;SE 40 mm Space Grey Aluminium Case;Black, Pink, White;27400;29900;OLED Retina Display;4.7;Aluminium;1;
361;APPLE;Smartwatch;Series 6 GPS + Cellular 40 mm Red Aluminium Case;Red;45690;49900;OLED Retina Display;4.5;Aluminium;1;
362;APPLE;Smartwatch;SE 44 mm Gold Aluminium Case;Pink Sand;30400;32900;OLED Retina Display;4.7;Aluminium;1;
363;APPLE;Smartwatch;SE GPS + Cellular 40 mm Gold Aluminium Case;Plum;31400;33900;OLED Retina Display;4.6;Aluminium;1;
364;APPLE;Smartwatch;SE GPS + Cellular 40 mm Aluminium Case;Black;33900;33900;OLED Retina Display;4.6;Aluminium;1;
365;APPLE;Smartwatch;Series 6 GPS 40 mm Silver Aluminium Case;White;37490;40900;OLED Retina Display;4.5;Aluminium;1;
366;APPLE;Smartwatch;Series 6 GPS + Cellular 40 mm Blue Aluminium Case;Deep Navy;45690;49900;OLED Retina Display;4.5;Aluminium;1;
367;APPLE;Smartwatch;Series 6 GPS + Cellular 40 mm Graphite Stainless Steel Case;Graphite Milanese;67900;73900;OLED Retina Display;4.5;Stainless Steel;1;
368;APPLE;Smartwatch;Series 6 GPS 44 mm Red Aluminium Case;Red;40190;43900;OLED Retina Display;4.5;Aluminium;1;
369;APPLE;Smartwatch;SE GPS 44 mm Aluminium Case;Black;32900;32900;OLED Retina Display;4.7;Aluminium;1;
370;APPLE;Smartwatch;Series 6 GPS + Cellular 40 mm Space Grey Aluminium Case;black;45690;49900;OLED Retina Display;4.5;Aluminium;1;
371;APPLE;Smartwatch;Series 6 GPS + Cellular 40 mm Space Grey Aluminium Case;White;69900;69900;OLED Retina Display;4.2;Aluminium;1;
372;APPLE;Smartwatch;Series 5 GPS + Cellular 40 mm Space Black Stainless Steel Case;Black Milanese;69900;69900;OLED Retina Display;4.6;Stainless Steel;1;
373;APPLE;Smartwatch;Series 5 GPS + Cellular 44 mm Gold Stainless Steel Case;Gold Milanese;73900;73900;OLED Retina Display;4.2;Stainless Steel;1;
374;APPLE;Smartwatch;Series 6 GPS 44 mm Blue Aluminium Case;Deep Navy;43900;43900;OLED Retina Display;4.5;Aluminium;1;
375;APPLE;Smartwatch;Series 6 GPS + Cellular 44 mm Silver Aluminium Case;White;48490;52900;OLED Retina Display;4.5;Aluminium;1;
376;APPLE;Smartwatch;Series 6 GPS + Cellular 40 mm Gold Aluminium Case;Pink Sand;45690;49900;OLED Retina Display;4.5;Aluminium;1;
377;APPLE;Smartwatch;Series 6 GPS + Cellular 40 mm Gold Stainless Steel Case;Cyprus Green;69900;69900;OLED Retina Display;4.5;Stainless Steel;1;
378;APPLE;Smartwatch;Series 5 GPS + Cellular 40 mm Stainless Steel Case;White;65900;65900;OLED Retina Display;3.4;Stainless Steel;1;
379;APPLE;Smartwatch;Series 5 GPS + Cellular 44 mm Gold Aluminium Case;Pink Sand;52900;52900;OLED Retina Display;4.7;Aluminium;1;
380;APPLE;Smartwatch;Series 5 GPS + Cellular 44 mm Space Grey Aluminium Case;Black;52900;52900;OLED Retina Display;4.7;Aluminium;1;
381;APPLE;Smartwatch;Series 2 - 38 mm Stainless Steel Case;Saddle Brown;56900;56900;OLED Retina Display;4.6;Stainless Steel;1;
382;APPLE;Smartwatch;Series 2 - 42 mm Stainless Steel Case;White;50400;50400;OLED Retina Display;4.7;Stainless Steel;1;
383;APPLE;Smartwatch;Series 2 - 42 mm Space Black Stainless Steel Case;Space Black;50400;50400;OLED Retina Display;4.7;Stainless Steel;1;
384;APPLE;Smartwatch;Series 6 GPS + Cellular 40 mm Red Aluminium Case;Red;45690;49900;OLED Retina Display;4.5;Aluminium;1;
385;APPLE;Smartwatch;Series 5 GPS + Cellular 40 mm Space Grey Aluminium Case;Black;39990;49900;OLED Retina Display;4.5;Aluminium;1;
386;APPLE;Smartwatch;Series 6 GPS + Cellular 40 mm Silver Aluminium Case;White;45690;49900;OLED Retina Display;4.5;Aluminium;1;
387;APPLE;Smartwatch;Series 6 GPS + Cellular 40 mm Gold Stainless Steel Case;Gold Milanese;67900;73900;OLED Retina Display;4.5;Stainless Steel;1;
388;APPLE;Smartwatch;SE GPS 40 mm Aluminium Case;Black;29900;29900;OLED Retina Display;4.7;Aluminium;1;
389;APPLE;Smartwatch;Series 5 GPS + Cellular 44 mm Stainless Steel Case;Stainless Steel Milanese;73900;73900;OLED Retina Display;4.2;Stainless Steel;1;
390;APPLE;Smartwatch;Series 5 GPS + Cellular 44 mm Gold Stainless Steel Case;Stone;69900;69900;OLED Retina Display;4.2;Stainless Steel;1;
391;APPLE;Smartwatch;Series 5 GPS 40 mm Silver Aluminium Case;White;40900;40900;OLED Retina Display;4.7;Aluminium;1;
392;APPLE;Smartwatch;Series 6 GPS 44 mm Blue Aluminium Case;Deep Navy;43900;43900;OLED Retina Display;4.5;Aluminium;1;
393;APPLE;Smartwatch;Series 7 GPS 45 mm;Black;44900;44900;OLED Retina Display;5;Silicone;1;
394;APPLE;Smartwatch;SE GPS + Cellular 44 mm Space Grey Aluminium Case;Charcoal;33900;36900;OLED Retina Display;4.6;Aluminium;1;
395;APPLE;Smartwatch;SE GPS + Cellular 40 mm Space Grey Aluminium Case;Black;31400;33900;OLED Retina Display;4.6;Aluminium;1;
396;APPLE;Smartwatch;Series 6 GPS + Cellular 44 mm Space Grey Aluminium Case;Black;48490;52900;OLED Retina Display;4.5;Aluminium;1;
397;APPLE;Smartwatch;Series 7 GPS + Cellular 41 mm Aluminium;Black;50900;50900;OLED Retina Display;4.6;Aluminium;1;
398;APPLE;Smartwatch;Series 7 GPS + Cellular, 45 mm Aluminium;Black;53900;53900;OLED Retina Display;4.6;Aluminium;1;
399;APPLE;Smartwatch;SE GPS + Cellular 40 mm Silver Aluminium Case;White;31400;33900;OLED Retina Display;4.6;Aluminium;1;
400;APPLE;Smartwatch;Series 6 GPS 40 mm Blue Aluminium Case;Deep Navy;37490;40900;OLED Retina Display;4.5;Aluminium;1;
401;APPLE;Smartwatch;SE GPS + Cellular 40 mm Silver Aluminium Case;Deep Navy;31400;33900;OLED Retina Display;4.6;Aluminium;1;
402;APPLE;Smartwatch;Series 6 GPS 40 mm Gold Aluminium Case;Pink Sand;37490;40900;OLED Retina Display;4.5;Aluminium;1;
403;APPLE;Smartwatch;SE GPS + Cellular 44 mm Space Grey Aluminium Case;Black;33900;36900;OLED Retina Display;4.6;Aluminium;1;
404;APPLE;Smartwatch;SE GPS + Cellular 40 mm Gold Aluminium Case;Pink Sand;31400;33900;OLED Retina Display;4.6;Aluminium;1;
405;APPLE;Smartwatch;Series 6 GPS + Cellular 44 mm Red Aluminium Case;Red;48490;52900;OLED Retina Display;4.5;Aluminium;1;
406;APPLE;Smartwatch;Series 6 GPS 40 mm Space Grey Aluminium Case;Black;37490;40900;OLED Retina Display;4.5;Aluminium;1;
407;APPLE;Smartwatch;Series 6 GPS + Cellular 44 mm Silver Stainless Steel Case;Silver Milanese;77900;77900;OLED Retina Display;4.5;Stainless Steel;1;
408;APPLE;Smartwatch;Nike Series 5 GPS + Cellular 44 mm;Black;52900;52900;OLED Retina Display;4.7;Silicone;1;
409;APPLE;Smartwatch;Series 6 GPS + Cellular 44 mm Blue Aluminium Case;Deep Navy;48490;52900;OLED Retina Display;4.5;Aluminium;1;
410;APPLE;Smartwatch;SE GPS + Cellular 40 mm Gold Aluminium Case;Silver Milanese;67900;73900;OLED Retina Display;4.5;Aluminium;1;
411;APPLE;Smartwatch;SE GPS + Cellular 44 mm Gold Aluminium Case;Pink Sand;33900;36900;OLED Retina Display;4.6;Aluminium;1;
412;APPLE;Smartwatch;SE GPS + Cellular 44 mm Silver Aluminium Case;Deep Navy;33900;36900;OLED Retina Display;4.6;Aluminium;1;
413;APPLE;Smartwatch;Series 6 GPS 44 mm Space Grey Aluminium Case;Black;40190;43900;OLED Retina Display;4.5;Aluminium;1;
414;APPLE;Smartwatch;SE GPS + Cellular 44 mm Silver Aluminium Case;White;33900;36900;OLED Retina Display;4.6;Aluminium;1;
415;APPLE;Smartwatch;Series 6 GPS 44 mm Silver Aluminium Case;White;43900;43900;OLED Retina Display;4.5;Aluminium;1;
416;APPLE;Smartwatch;Series 6 GPS + Cellular 44 mm Graphite Stainless Steel Case;Black;67900;73900;OLED Retina Display;4.5;Stainless Steel;1;
417;APPLE;Smartwatch;SE GPS + Cellular 44 mm Gold Aluminium Case;Plum;33900;36900;OLED Retina Display;4.6;Aluminium;1;
418;APPLE;Smartwatch;SE GPS + Cellular 44 mm Gold Aluminium Case;Pink Sand;43900;43900;OLED Retina Display;4.5;Aluminium;1;
419;APPLE;Smartwatch;Series 5 GPS + Cellular 44 mm Space Black Stainless Steel Case;Black;69900;69900;OLED Retina Display;4.2;Stainless Steel;1;
420;APPLE;Smartwatch;42 mm White Ceramic Case with Cloud Sport;Cloud;114900;114900;OLED Retina Display;4.7;Nylon;1;
421;APPLE;Smartwatch;Series 7 GPS 41 mm Aluminium Case;Black;41900;41900;OLED Retina Display;5;Aluminium;1;
422;APPLE;Smartwatch;38 mm Space Black Stainless Steel Case;Black;48900;48900;OLED Retina Display;4.6;Stainless Steel;1;
423;APPLE;Smartwatch;Series 7 GPS + Cellular, 45 mm Stainless Steel;Black;77900;77900;OLED Retina Display;4.6;Stainless Steel;1;
424;APPLE;Smartwatch;Sport 42 mm Space Grey Aluminium Case;Black;29900;29900;OLED Retina Display;4.6;Aluminium;1;
425;APPLE;Smartwatch;Series 7 GPS + Cellular, 45 mm Stainless Steel;Black;73900;73900;OLED Retina Display;4.6;Stainless Steel;1;
426;APPLE;Smartwatch;8 mm Stainless Steel Case;Milanese;56900;56900;OLED Retina Display;4.6;Stainless Steel;1;
427;APPLE;Smartwatch;Series 7 GPS + Cellular, 41 mm Stainless Steel;Black;73900;73900;OLED Retina Display;4.6;Stainless Steel;1;
428;APPLE;Smartwatch;42 mm Black Stainless Steel Case with Link Bracelet;Black;79900;79900;OLED Retina Display;4.6;Stainless Steel;1;
429;APPLE;Smartwatch;42 mm Space Gray Aluminium;Black Woven;29900;29900;OLED Retina Display;4.5;Aluminium;1;
430;APPLE;Smartwatch;Series 1 - 38 mm Silver Aluminium Case;White;21900;21900;OLED Retina Display;4.6;Aluminium;1;
431;APPLE;Smartwatch;Series 3 GPS + Cellular- 42 mm Gray Ceramic Case;Black;122090;122090;OLED Retina Display;4.6;Nylon;1;
432;APPLE;Smartwatch;42 mm Stainless Steel Case;Leather;60900;60900;OLED Retina Display;4.5;Stainless Steel;1;
433;APPLE;Smartwatch;Series 1 - 42 mm Gold Aluminium Case;Cocoa;25900;25900;OLED Retina Display;4.6;Aluminium;1;
434;APPLE;Smartwatch;2 - 42 mm Silver Aluminium Case;Pearl Woven;34900;34900;OLED Retina Display;4.7;Aluminium;1;
435;APPLE;Smartwatch;Nike+ GPS - 42 mm Space Gray Aluminium Case;Black;32380;32380;OLED Retina Display;4.6;Aluminium;1;
436;APPLE;Smartwatch;Series 3 GPS + Cellular- 42 mm White Ceramic Case;Black;122090;122090;OLED Retina Display;4.6;Nylon;1;
437;APPLE;Smartwatch;38 mm Stainless Steel Stainless Steel Case with Modern Buckle;Black;64900;64900;OLED Retina Display;4.3;Stainless Steel;1;
438;APPLE;Smartwatch;8 mm Stainless Steel Case;Saddle Brown;56900;56900;OLED Retina Display;4.3;Stainless Steel;1;
439;APPLE;Smartwatch;series 2 - 38 mm Stainless Steel Case;Blue Modern;64900;64900;OLED Retina Display;4.6;Stainless Steel;1;
440;APPLE;Smartwatch;Nike+ - 38 mm Space Gray Aluminium Case;Black;31600;31600;OLED Retina Display;4.5;Aluminium;1;
441;GARMIN;Smartwatch;Venu Sq - Music Edition;Multicolor, White, Brown;20990;25990;AMOLED Display;4.3;Silicone;7;
442;GARMIN;Smartwatch;Venu Sq;Grey, White;15990;20990;AMOLED Display;4.2;Silicone;7;
443;GARMIN;Smartwatch;Garmin Instinct Tactical;Black, Brown;19990;31490;AMOLED Display;4.7;Silicone;7;
444;GARMIN;Smartwatch;Venu;Blue;31990;39990;AMOLED Display;4;Silicone;7;
445;GARMIN;Smartwatch;Forerunner 45;Red, Black;14990;20990;OLED Display;4.4;Silicone;7;
446;GARMIN;Smartwatch;Venu 2;Black, Blue;41990;41990;AMOLED Display;4.7;Leather;14;
447;GARMIN;Smartwatch;Vivosmart 4;Purple, Black;12150;13490;OLED Display;3.9;Silicone;5;
448;GARMIN;Smartwatch;Garmin Instinct HR;Graphite, Sunburst;34990;41490;AMOLED Display;4.1;Silicone;14;
449;GARMIN;Smartwatch;Approach S62;White, Black;46990;51990;OLED Display;4.1;Silicone;12;
450;GARMIN;Smartwatch;Venu 2S;Grey, White;37990;37990;AMOLED Display;4.2;Silicone;14;
451;GARMIN;Smartwatch;Forerunner 245 Music;Black, Red ;30000;36490;LED Display;4.2;Silicone;7;
452;GARMIN;Smartwatch;Garmin Instinct HR;Flame Red;20990;28490;AMOLED Display;3.7;Silicone;7;
453;GARMIN;Smartwatch;Instinct;Blue;19990;28490;LED Display;4.4;Silicone;7;
454;GARMIN;Smartwatch;Forerunner 245;Grey, Yellow;24990;31490;LCD Display;4.6;Silicone;7;
455;GARMIN;Smartwatch;Vivomove Style;White, Pink;26990;31490;AMOLED Display;3.3;Nylon;14;
456;GARMIN;Smartwatch;Fenix 6 Pro Solar;Grey, Black;72990;88490;AMOLED Display;;Nylon;45;
457;GARMIN;Smartwatch;Fenix 6X;Black, Orange, Red;79990;88490;AMOLED Display;;Nylon;45;
458;GARMIN;Smartwatch;FORERUNNER 745 Magma Red;Magma Red;46990;51990;AMOLED Display;;Silicone;14;
459;GARMIN;Smartwatch;Fenix 6;Black, Red, Orange;76990;86690;LED Display;;Nylon;30;
460;GARMIN;Smartwatch;Lily;Purple, Grey, Brown, Black, White ;18990;20990;AMOLED Display;3.3;Silicone;7;
461;GARMIN;Smartwatch;Approach S12;Black, White;18990;20990;OLED Display;4;Silicone;12;
462;GARMIN;Smartwatch;Instinct;Graphite;19990;28490;AMOLED Display;5;Silicone;7;
463;GARMIN;Smartwatch;Vivomove 3;Black;19990;25990;OLED Display;;Silicone;7;
464;GARMIN;Smartwatch;Fenix 6X Solar;Black, Grey;105990;119490;AMOLED Display;;Leather;45;
465;GARMIN;Smartwatch;Fenix 6;Grey, Blue;77990;86690;OLED Display;;Nylon;45;
466;GARMIN;Smartwatch;Fenix 5X;Black;58490;58490;OLED Display;;Silicone;30;
467;GARMIN;Smartwatch;Vivomove Luxe;Black, Silver, White;39990;52990;AMOLED Display;;Silicone;14;
468;GARMIN;Smartwatch;Fenix 6;Black, Grey;74990;82990;OLED Display;;Leather;30;
469;GARMIN;Smartwatch;Vivomove;Black;31990;36790;AMOLED Display;3.3;Silicone;7;
470;GARMIN;Smartwatch;Fenix 6S;Black, Grey;70990;84090;LED Display;;Stainless Steel;30;
471;GARMIN;Smartwatch;Forerunner 945;Black, Blue;56490;62490;OLED Display;4.2;Silicone;14;
472;GARMIN;Smartwatch;Forerunner 55;Black;20990;20990;AMOLED Display;;Silicone;7;
473;GARMIN;Smartwatch;VIVOMOVE LUXE;Navy;35990;47490;AMOLED Display;;Silicone;14;
474;GARMIN;Smartwatch;Lily;Black;23490;25990;AMOLED Display;3.3;Silicone;7;
475;GARMIN;Smartwatch;Fenix 5X Plus;White, Black;59990;79990;AMOLED Display;;Silicone;30;
476;GARMIN;Smartwatch;Swim 2;Slate;20990;26990;AMOLED Display;;Silicone;7;
477;GARMIN;Smartwatch;Vivoactive 3 Element;Grey;14990;16990;AMOLED Display;3;Silicone;7;
478;GARMIN;Smartwatch;Vivomove 3S;Black;19990;25990;AMOLED Display;;Silicone;14;
479;GARMIN;Smartwatch;Forerunner 55;White;20990;20990;OLED Display;;Silicone;14;
480;GARMIN;Smartwatch;Vivoactive 3 Music;Black;23990;29290;OLED Display;3.6;Silicone;14;
481;GARMIN;Smartwatch;Vivomove HR;Black;16990;17990;OLED Display;3.6;Silicone;14;
482;GARMIN;Smartwatch;Fenix 6X;Bluw, White ;86990;96390;OLED Display;;Leather;45;
483;GARMIN;Smartwatch;HRM-Swim;Black;8990;8990;AMOLED Display;;Silicone;14;
484;GARMIN;Smartwatch;Garmin Instinct Solar Tactical;Grey;46990;51990;AMOLED Display;;Silicone;14;
485;GARMIN;Smartwatch;Fenix 5S Frost Blue;Blue Sapphire;39990;53190;AMOLED Display;;Silicone;30;
486;GARMIN;Smartwatch;Forerunner 935;Tidal Blue;39990;48790;AMOLED Display;4.7;Silicone;14;
487;GARMIN;Smartwatch;Hybrid 3;Black;19990;25990;LED Display;;Silicone;14;
488;GARMIN;Smartwatch;Forerunner 245 Music Japan Edition;Red, White ;29990;36490;LED Display;;Silicone;14;
489;GARMIN;Smartwatch;Fenix 5;Black;47990;52990;AMOLED Display;;Silicone;30;
490;GARMIN;Smartwatch;Instinct Solar Tidal;Tidal Blue, Flame Red;34990;41490;AMOLED Display;;Silicone;14;
491;GARMIN;Smartwatch;Fenix 5S Plus;Blue Sapphire;49990;53190;AMOLED Display;;Silicone;30;
492;GARMIN;Smartwatch;Fenix 6 Sapphire Titanium;Blue Sapphire;81990;96690;AMOLED Display;;Leather;45;
493;GARMIN;Smartwatch;Fenix 6 Sapphire Gray DLC;Black;74990;82990;AMOLED Display;;Leather;30;
494;GARMIN;Smartwatch;Vivoactive 3 Music;Blue;26990;26990;OLED Display;3.6;Silicone;14;
495;GARMIN;Smartwatch;Forerunner 935;Flame Red;33742;48990;OLED Display;4.7;Silicone;14;
496;GARMIN;Smartwatch;Forerunner 745 Whitestone;White;46990;51990;OLED Display;;Silicone;14;
497;GARMIN;Smartwatch;VIVOACTIVE 4S;Powder Gray;34990;34990;OLED Display;;Silicone;14;
498;GARMIN;Smartwatch;Forerunner 935;Black, Green, Yellow;42990;42990;OLED Display;4.7;Silicone;14;
499;GARMIN;Smartwatch;Forerunner 235;Black;18990;22990;LED Display;4.7;Silicone;14;
500;GARMIN;Smartwatch;Fenix 6S;Black, White;77990;86690;AMOLED Display;;Nylon;45;
501;GARMIN;Smartwatch;Forerunner 235;Blue;24990;31197;LED Display;4.7;Silicone;14;
502;GARMIN;Smartwatch;Venu;Black;32990;39990;LED Display;4;Silicone;14;
503;GARMIN;Smartwatch;Vivoactive 4;Black;28990;34990;AMOLED Display;4.3;Silicone;14;
504;GARMIN;Smartwatch;Forerunner 245 Music;Grey, White;33490;34990;AMOLED Display;4.2;Silicone;14;
505;GARMIN;Smartwatch;Fenix 6 Pro Solar;Yellow;84490;88490;AMOLED Display;;Nylon;45;
506;GARMIN;Smartwatch;Garmin Instinct Solar Tactical;White;42990;47490;AMOLED Display;;Silicone;14;
507;GARMIN;Smartwatch;Forerunner 745 Black;Black;46990;51990;AMOLED Display;5;Silicone;14;
508;GARMIN;Smartwatch;Vivoactive HR;Black;21990;21990;AMOLED Display;3.5;Silicone;14;
509;GARMIN;Smartwatch;Fenix 5s;Blue Sapphire;54990;54990;AMOLED Display;;Silicone;30;
510;GARMIN;Smartwatch;vivoactive 4S 40mm;Rose Gold, Slate Black;28990;34990;AMOLED Display;5;Silicone;14;
511;GARMIN;Smartwatch;Instinct;Blue, Orange;25249;26990;OLED Display;4.4;Silicone;14;
512;GARMIN;Smartwatch;Instinct Solar Camo Edition;Black, Grey;47490;47490;AMOLED Display;4.7;Silicone;14;
513;GARMIN;Smartwatch;Vivomove 3S;Black;19990;25990;AMOLED Display;;Silicone;14;
514;GARMIN;Smartwatch;Lily;Purple, White;18990;20990;LED Display;3.3;Silicone;14;
515;GARMIN;Smartwatch;Vivoactive 3 Element Cerise;Cerise;14990;16990;LED Display;;Silicone;14;
516;GARMIN;Smartwatch;Forerunner 235;Black;21999;27790;LED Display;4.7;Silicone;14;
517;GARMIN;Smartwatch;VIVOMOVE 3S Navy;Rose Gold;19990;25990;LED Display;;Silicone;14;
518;GARMIN;Smartwatch;Fenix 5s;Black, White ;34990;49990;AMOLED Display;;Silicone;30;
519;GARMIN;Smartwatch;Vivoactive 4;Purple;28990;34990;LED Display;4.3;Silicone;14;
520;GARMIN;Smartwatch;Vivoactive 3 Music;White;19144;26990;LED Display;3.6;Silicone;14;
521;GARMIN;Smartwatch;Forerunner15 Heart;Black;12999;14499;AMOLED Display;4.7;Silicone;14;
522;GARMIN;Smartwatch;Running GPS 935;Black;42990;42990;AMOLED Display;;Leather;14;
523;GARMIN;Smartwatch;Forerunner;Black;44990;44990;AMOLED Display;;Leather;14;
524;GARMIN;Smartwatch;Approach S20;Black, White ;15990;19990;OLED Display;4.1;Silicone;12;
525;GARMIN;Smartwatch;Forerunner 235 Activity Tracker;Black;22990;22990;AMOLED Display;;Silicone;14;
526;GARMIN;Smartwatch;Vivoactive 3 element;Black;22990;29990;AMOLED Display;3.6;Silicone;14;
527;GARMIN;Smartwatch;Fenix;Black;54990;54990;AMOLED Display;;Leather;30;
528;GARMIN;Smartwatch;Forerunner 35;Frost Blue;16990;16990;AMOLED Display;;Silicone;14;
529;GARMIN;Smartwatch;Forerunner;Black;16990;16990;AMOLED Display;;Silicone;14;
530;GARMIN;Smartwatch;Forerunner;Blue;29990;29990;AMOLED Display;;Silicone;14;
531;GARMIN;Smartwatch;Vivoactive 3 element;Grey;13578;24990;LED Display;3.6;Silicone;14;
532;GARMIN;Smartwatch;Rubber 35;Black;16990;16990;LED Display;2;Silicone;14;
533;GARMIN;Smartwatch;FORRUNNER 235;Black;22990;22990;LED Display;;Silicone;14;
534;GARMIN;Smartwatch;Forerunner;Black;27990;27990;LED Display;;Silicone;14;
535;GARMIN;Smartwatch;Forerunner Fitness Notifier;Black;15990;16743;LED Display;;Silicone;14;
536;GARMIN;Smartwatch;Vivomove HR;Black;12990;19990;LED Display;3.7;Silicone;14;
537;GARMIN;Smartwatch;Vivoactive 3 element;Blue;16990;16990;AMOLED Display;3.6;Silicone;14;
538;GARMIN;Smartwatch;Vivoactive;Black;27990;27990;AMOLED Display;4.8;Silicone;14;
539;GARMIN;Smartwatch;Forerunner 735XT;Black;39990;39990;LED Display;;Silicone;14;
540;GARMIN;Smartwatch;HR GPS Smart;Black;15999;20000;AMOLED Display;;Silicone;14;
541;GARMIN;Smartwatch;Hybrid;Rose Gold;15911;21335;LED Display;;Silicone;7;
542;OnePlus;Smartwatch;Watch;Black, Silver;14999;16999;AMOLED Display;4.4;Elastomer;14;
543;Huawei;Smartwatch;GT2 46mm;Black, Brown;14990;20990;AMOLED Display;4.5;Elastomer;14;
544;Huawei;Smartwatch;GT2 Pro;Black;22990;29990;AMOLED Display;4.4;Elastomer;14;
545;Huawei;Smartwatch;GT2 Pro;Grey;24990;34990;AMOLED Display;3.5;Elastomer;14;
546;Huawei;Smartwatch;GT2 eSport;Black;11990;19990;AMOLED Display;4.3;Elastomer;14;
547;Huawei;Smartwatch;GT2 eSport;Red;8990;19990;AMOLED Display;4.3;Elastomer;14;
548;Huawei;Smartwatch;GT2 eActive;Green, Red;11990;19990;AMOLED Display;4.3;Thermoplastic polyurethane;14;
549;Huawei;Smartwatch;GT2 42mm;Black;14990;19990;AMOLED Display;4.3;Elastomer;14;
550;Huawei;Smartwatch;Stainless Steel;Black;19990;19990;AMOLED Display;4.5;Leather;14;
551;Huawei;Smartwatch;GT Active;Green;8990;20990;AMOLED Display;4.4;Silicone;14;
552;Huawei;Smartwatch;GT Active;Orange;15990;20990;AMOLED Display;4.4;Silicone;14;
553;Huawei;Smartwatch;GT Sport;Black;10990;20990;AMOLED Display;4.4;Silicone;14;
554;Huawei;Smartwatch;GT Classic;Brown;10990;21990;AMOLED Display;4.5;Leather;14;
555;Huawei;Smartwatch;GT2 46mm;Grey;20990;30990;AMOLED Display;4.5;Stainless Steel;14;
556;Huawei;Smartwatch;Fit;Blue;9999;9999;AMOLED Display;3.4;Silicone;7;
557;Huawei;Smartwatch;Fit;Orange;6999;9999;AMOLED Display;3.4;Silicone;7;
558;Huawei;Smartwatch;Watch 2 Sport;Black;29999;29999;AMOLED Display;3.8;Silicone;7;
559;Huawei;Smartwatch;Watch 32564546;Black;49999;49999;AMOLED Display;4.1;Silicone;14;
560;Huawei;Smartwatch;Watch 2;Black;25999;25999;AMOLED Display;3.9;Leather;7;
561;Huawei;Smartwatch;Watch 36456;Black;55000;55000;AMOLED Display;4.1;Silicone;14;
562;Huawei;Smartwatch;GT Fortuna-B19S Sport;Black;13990;20990;AMOLED Display;4.1;Elastomer;14;
563;GOQii;FitnessBand;HR;Black;1999;1999;OLED Display;3.8;Silicone;7;
564;GOQii;FitnessBand;Vital;Black;3499;3499;OLED Display;3.7;Thermoplastic polyurethane;7;
565;FOSSIL;Smartwatch;Gen 5E;Grey, Multicolor;18495;18495;AMOLED Display;4.2;Stainless Steel;1;
